"","App","Total_Negative","Sentiment_Polarity_Negative","Sentiment_Subjectivity_Negative"
"1","10 Best Foods for You",10,-0.405,0.355
"2","104 ÊâæÂ∑•‰Ωú - ÊâæÂ∑•‰Ωú ÊâæÊâìÂ∑• ÊâæÂÖºËÅ∑ Â±•Ê≠∑ÂÅ•Ê™¢ Â±•Ê≠∑Ë®∫ÁôÇÂÆ§",1,-0.1125,0.622222222222222
"3","11st",7,-0.336458333333333,0.435615079365079
"4","1800 Contacts - Lens Store",6,-0.197222222222222,0.361111111111111
"5","1LINE ‚Äì One Line with One Touch",8,-0.410267857142857,0.534970238095238
"6","2018Emoji Keyboard üòÇ Emoticons Lite -sticker&gif",1,-0.8,0.9
"7","21-Day Meditation Experience",10,-0.101458333333333,0.642222222222222
"8","2Date Dating App, Love and matching",7,-0.346230158730159,0.506944444444444
"9","2GIS: directory & navigator",6,-0.183042328042328,0.436216931216931
"10","2ndLine - Second Phone Number",7,-0.304124149659864,0.511167800453515
"11","2RedBeans",2,-0.545833333333333,0.720833333333333
"12","30 Day Fitness Challenge - Workout at Home",2,-0.265833333333333,0.6225
"13","365Scores - Live Scores",0,0,0
"14","3D Live Neon Weed Launcher",0,0,0
"15","4 in a Row",3,-0.366666666666667,0.626190476190476
"16","4K Wallpapers and Ultra HD Backgrounds",2,-0.575,0.5
"17","591ÊàøÂ±ã‰∫§Êòì-ÁßüÂ±ã„ÄÅ‰∏≠Âè§Â±ã„ÄÅÊñ∞Âª∫Ê°à„ÄÅÂØ¶ÂÉπÁôªÈåÑ„ÄÅÂà•Â¢ÖÈÄèÂ§©„ÄÅÂÖ¨ÂØìÂ•óÊàø„ÄÅÊç∑ÈÅã„ÄÅË≤∑ÊàøË≥£ÊàøË°åÊÉÖ„ÄÅÊàøÂÉπÊàøË≤∏Êü•Ë©¢",2,-0.196809895833333,0.539583333333333
"18","591ÊàøÂ±ã‰∫§Êòì-È¶ôÊ∏Ø",1,-0.0770833333333333,0.375
"19","7 Cups: Anxiety & Stress Chat",1,-0.172222222222222,0.494444444444444
"20","7 Day Food Journal Challenge",0,0,0
"21","7 Minute Workout",1,-0.291666666666667,0.541666666666667
"22","7 Weeks - Habit & Goal Tracker",4,-0.0634334415584416,0.435813492063492
"23","8 Ball Pool",106,-0.168694305533948,0.490508277037927
"24","850 Sports News Digest",1,-0.5,0.9
"25","8fit Workouts & Meal Planner",19,-0.119634502923977,0.499828738512949
"26","95Live -SG#1 Live Streaming App",20,-0.435037878787879,0.587222222222222
"27","A Call From Santa Claus!",14,-0.43890837585034,0.752894699546485
"28","A Word A Day",0,0,0
"29","A&E - Watch Full Episodes of TV Shows",3,-0.114236111111111,0.6
"30","A+ Gallery - Photos & Videos",7,-0.374857871720117,0.565779883381924
"31","A+ Mobile",9,-0.413117283950617,0.599360670194004
"32","ABC Kids - Tracing & Phonics",1,-0.4,0.4
"33","ABC News - US & World News",29,-0.280620988207195,0.471227048813256
"34","ABC Preschool Free",8,-0.224392361111111,0.429826388888889
"35","ABCmouse.com",9,-0.30706569664903,0.618044532627866
"36","Abs Training-Burn belly fat",6,-0.170661272321429,0.48640873015873
"37","AC - Tips & News for Android‚Ñ¢",10,-0.308936507936508,0.631198412698413
"38","Account Manager",18,-0.282724723675245,0.486352212602213
"39","Accounting App - Zoho Books",6,-0.241666666666667,0.436111111111111
"40","AccuWeather: Daily Forecast & Live Weather Reports",5,-0.227348090277778,0.525
"41","ACE Elite",4,-0.402604166666667,0.455729166666667
"42","Acorn TV: World-class TV from Britain and Beyond",7,-0.212503607503608,0.562960858585859
"43","Acorns - Invest Spare Change",1,-0.15,0.3
"44","AD - Nieuws, Sport, Regio & Entertainment",3,-0.171856060606061,0.597239057239057
"45","Ada - Your Health Guide",5,-0.0461111111111111,0.723888888888889
"46","Add Text To Photo",6,-0.302603114478114,0.447624392068837
"47","Adobe Acrobat Reader",28,-0.208193824404762,0.564321145124717
"48","Adobe Photoshop Express:Photo Editor Collage Maker",8,-0.129791666666667,0.26071056547619
"49","Advanced Task Killer",3,-0.0631944444444444,0.302777777777778
"50","AdWords Express",2,-0.583333333333333,0.533333333333333
"51","Agar.io",66,-0.299347222222222,0.524451058201058
"52","Age Calculator",9,-0.549541446208113,0.869069664902998
"53","Agoda ‚Äì Hotel Booking Deals",2,-0.3,0.522916666666667
"54","Air Traffic",3,-0.150277777777778,0.34
"55","AirAsia",10,-0.418482323232323,0.56909595959596
"56","Airbnb",19,-0.165488442087361,0.581845909416398
"57","AirBrush: Easy Photo Editor",1,-0.7,1
"58","Airport + Flight Tracker Radar",7,-0.253758503401361,0.371077097505669
"59","Airway Ex - Intubate. Anesthetize. Train.",8,-0.295372721354167,0.439375
"60","Akinator",18,-0.217848299462883,0.541973125529673
"61","Alarm Clock",4,-0.216666666666667,0.546203703703704
"62","Alarm Clock Free",5,-0.258666666666667,0.350251700680272
"63","Alfred Home Security Camera",0,0,0
"64","AliExpress - Smarter Shopping, Better Living",16,-0.475649350649351,0.682594246031746
"65","All-in-One Mahjong 3 FREE",0,0,0
"66","All-In-One Toolbox: Cleaner, Booster, App Manager",4,-0.452272727272727,0.677840909090909
"67","All Email Providers",2,-0.375,0.591666666666667
"68","All Events in City",0,0,0
"69","All Football - Latest News & Videos",3,-0.316666666666667,0.433333333333333
"70","All Football GO- Live Score, Games",1,-0.1,0.0583333333333333
"71","All Language Translator Free",0,0,0
"72","All Maths Formulas",1,-0.91,0.866666666666667
"73","All Mental disorders",12,-0.298000759548611,0.554737103174603
"74","All Social Networks",17,-0.439679144385027,0.639631610219845
"75","All Video Downloader 2018",3,-0.703333333333333,0.611111111111111
"76","Allegiant",0,0,0
"77","Allrecipes Dinner Spinner",3,-0.128569023569024,0.409276094276094
"78","AlReader -any text book reader",6,-0.259090909090909,0.6125
"79","Alto's Adventure",72,-0.122267534722222,0.523599822965101
"80","Amazon Drive",14,-0.187232729680414,0.482826672335601
"81","Amazon for Tablets",7,-0.186505230880231,0.316616161616162
"82","Amazon FreeTime ‚Äì Kids‚Äô Videos, Books, & TV shows",3,-0.173800505050505,0.522979797979798
"83","Amazon Kindle",33,-0.299783360184639,0.527031243167607
"84","Amazon Prime Video",0,0,0
"85","Amazon Shopping",13,-0.209445461945462,0.513079975579976
"86","AMC Theatres",1,-0.0733333333333333,0.673333333333333
"87","American Airlines",19,-0.433862607908661,0.551847674742412
"88","Amex Mobile",8,-0.110872835497835,0.354018127705628
"89","Amino: Communities and Chats",12,-0.280253878066378,0.64681246993747
"90","Amtrak",16,-0.240772569444444,0.520694444444444
"91","ANA",11,-0.200833333333333,0.421784812409812
"92","Anatomy Learning - 3D Atlas",5,-0.133444444444444,0.365
"93","Ancestry",4,-0.238888888888889,0.533333333333333
"94","Android Auto - Maps, Media, Messaging & Voice",1,-0.0299242424242424,0.201515151515152
"95","Android Messages",16,-0.203043831168831,0.560667388167388
"96","AndroZip‚Ñ¢ FREE File Manager",10,-0.160414953102453,0.387151875901876
"97","Anger of stick 5 : zombie",1,-0.025,0.525
"98","Angry Birds 2",13,-0.156656077184923,0.513045298718376
"99","Angry Birds Classic",147,-0.17581259644919,0.544746329762645
"100","Angry Birds Rio",23,-0.172494876299224,0.470853096179183
"101","Animal Planet GO",3,-0.169444444444444,0.432407407407407
"102","Animated Photo Editor",4,-0.65,0.736111111111111
"103","Anime Avatar Creator: Make Your Own Avatar",9,-0.220209979614742,0.619234693877551
"104","Anime Manga Coloring Book",3,-0.197222222222222,0.530555555555556
"105","Anthem Anywhere",28,-0.344060857297464,0.524807262842977
"106","Anthem BC Anywhere",12,-0.480853174603175,0.497271825396825
"107","Any.do: To-do list, Calendar, Reminders & Planner",13,-0.140675990675991,0.386202131202131
"108","AOL - News, Mail & Video",7,-0.282305194805195,0.513030303030303
"109","AP Mobile - Breaking News",4,-0.146949404761905,0.662648809523809
"110","Apartment Decorating Ideas",0,0,0
"111","Apartment List: Housing, Apt, and Property Rentals",2,-0.264508928571429,0.142857142857143
"112","Apartment, Home Rental Search: Realtor.com Rentals",10,-0.424848484848485,0.556060606060606
"113","Apartments & Rentals - Zillow",2,-0.175,0.544444444444444
"114","Apartments.com Rental Search",19,-0.311129385964912,0.495906432748538
"115","APE Weather ( Live Forecast)",2,-0.241666666666667,0.420833333333333
"116","Apex Launcher",16,-0.125542929292929,0.456167252886003
"117","Apk Installer",6,-0.322222222222222,0.427777777777778
"118","App vault",10,-0.34475,0.546458333333333
"119","Apple Daily ËòãÊûúÂãïÊñ∞ËÅû",9,-0.212311385459534,0.46241426611797
"120","AppLock",7,-0.165804730983302,0.482861781076067
"121","AppLock - Fingerprint",3,-0.142619047619048,0.55223544973545
"122","Aprender ingl√©s con Wlingua",1,-0.4,0.7
"123","APUS Launcher - Theme, Wallpaper, Hide Apps",4,-0.559375,0.7875
"124","Archos File Manager",8,-0.315823412698413,0.573978174603175
"125","Arrow.io",28,-0.300595238095238,0.457128684807256
"126","ARY NEWS",6,-0.296275252525252,0.440277777777778
"127","ARY NEWS URDU",7,-0.336390692640693,0.634821428571429
"128","Asana: organize team projects",5,-0.188541666666667,0.474791666666667
"129","Ascape VR: 360¬∞ Virtual Travel",4,-0.3,0.603472222222222
"130","ASOS",6,-0.308194444444444,0.56125
"131","Asphalt 8: Airborne",31,-0.208631957403952,0.519576800368982
"132","Associated Credit Union Mobile",1,-0.0555555555555556,0.244444444444444
"133","Asteroids 3D live wallpaper",4,-0.396875,0.433333333333333
"134","ASUS Calling Screen",5,-0.268631313131313,0.533136363636364
"135","ASUS Cover for ZenFone 2",1,-0.5,0.5
"136","ASUS Quick Memo",0,0,0
"137","ASUS Sound Recorder",2,-0.175,0.225
"138","ASUS SuperNote",5,-0.242142857142857,0.483095238095238
"139","AT&T Navigator: Maps, Traffic",9,-0.190740740740741,0.416512345679012
"140","AT&T Smart Wi-Fi",1,-0.266666666666667,0.641666666666667
"141","AT&T Visual Voicemail",9,-0.308496272246272,0.577062690396024
"142","Atlan3D Navigation: Korea navigator",2,-0.225833333333333,0.322083333333333
"143","AutoCAD - DWG Viewer & Editor",12,-0.210462962962963,0.653217592592593
"144","AutoScout24 Switzerland ‚Äì Find your new car",3,-0.331944444444444,0.538888888888889
"145","Avakin Life - 3D virtual world",16,-0.201990854197885,0.560863728285603
"146","AVG Cleaner ‚Äì Speed, Battery & Memory Booster",5,-0.234761904761905,0.668095238095238
"147","Aviary Effects: Classic",9,-0.352812736205593,0.567311665406903
"148","Aviary Stickers: Free Pack",12,-0.434027777777778,0.753611111111111
"149","Azar",25,-0.466279032738095,0.614330952380952
"150","Azpen eReader",4,-0.639583333333333,0.658333333333333
"151","B612 - Beauty & Filter Camera",5,-0.385444444444444,0.629333333333333
"152","B√ÅO M·ªöI - ƒê·ªçc B√°o, Tin T·ª©c 24h",9,-0.348611111111111,0.441820987654321
"153","Babbel ‚Äì Learn Languages",3,-0.0472222222222222,0.625
"154","Babbel ‚Äì Learn Spanish",5,-0.1224375,0.3585
"155","BaBe - Baca Berita",1,-0.8,0.9
"156","BaBe Lite - Baca Berita Hemat Kuota",1,-0.3,0.4
"157","BaBe+ - Berita Indonesia",2,-0.15,0.379166666666667
"158","Baby ABC in box! Kids alphabet games for toddlers!",6,-0.208498677248677,0.476428571428571
"159","Baby Monitor",4,-0.209285714285714,0.635208333333333
"160","Baby Name Together",6,-0.383888888888889,0.498611111111111
"161","Baby Panda Care",10,-0.446363636363636,0.680454545454545
"162","Baby Panda Learns Shapes",2,-0.270833333333333,0.529166666666667
"163","Baby Panda Musical Genius",4,-0.392284226190476,0.680615079365079
"164","Baby Panda‚Äôs Juice Shop",0,0,0
"165","Baby puzzles",14,-0.209958290015081,0.545593293500348
"166","Baby Tiger Care - My Cute Virtual Pet Friend",0,0,0
"167","Baca- Berita Terbaru, Informasi, Gosip dan Politik",3,-0.566666666666667,0.851388888888889
"168","Backgrounds (HD Wallpapers)",6,-0.241352513227513,0.616848544973545
"169","Backgrounds HD (Wallpapers)",3,-0.151161616161616,0.597979797979798
"170","BaconReader for Reddit",8,-0.171622023809524,0.500208333333333
"171","Bad Piggies",37,-0.195411486973987,0.533682895557895
"172","Badoo - Free Chat & Dating App",27,-0.43026455026455,0.554920634920635
"173","Bagan - Myanmar Keyboard",2,-0.38,0.825
"174","Banco do Brasil",7,-0.319107142857143,0.564107142857143
"175","Banco Ita√∫",9,-0.21422107984608,0.586044973544974
"176","Bancomer m√≥vil",21,-0.231657218442933,0.385582010582011
"177","Banfield Pet Health Tracker",28,-0.269985401503259,0.505297222618651
"178","Bangla Newspaper ‚Äì Prothom Alo",7,-0.345952380952381,0.638095238095238
"179","Banjo",6,-0.109469696969697,0.386489898989899
"180","Bank of America Mobile Banking",6,-0.28358929430358,0.387749089534804
"181","BankMobile Vibe App",2,-0.6,0.525
"182","Banorte Movil",9,-0.309558080808081,0.598343434343434
"183","Banque Populaire",8,-0.20842408459596,0.443540088383838
"184","Barbie Life‚Ñ¢",2,-0.075,0.383333333333333
"185","Barbie Magical Fashion",13,-0.245420673076923,0.555494505494506
"186","Barbie‚Ñ¢ Fashion Closet",25,-0.460787878787879,0.577929292929293
"187","Barclays US for Android",15,-0.333733024691358,0.525086419753086
"188","Barcode Scanner",0,0,0
"189","Baritastic - Bariatric Tracker",1,-0.125,1
"190","Baseball Boy!",20,-0.142670963840081,0.477547645573381
"191","Basketball FRVR - Shoot the Hoop and Slam Dunk!",12,-0.195972222222222,0.455972222222222
"192","Basketball Stars",41,-0.228731215457769,0.508714260155898
"193","Bathroom Decorating Ideas",6,-0.27,0.3575
"194","Battlelands Royale",34,-0.156344710232578,0.536047069080157
"195","BBC Media Player",11,-0.210119047619048,0.46468253968254
"196","BBC News",18,-0.139220679012346,0.337520576131687
"197","BBC Sport",8,-0.247727272727273,0.491603535353535
"198","BBM - Free Calls & Messages",8,-0.327548363095238,0.615170304232804
"199","BBVA Compass Banking",7,-0.415108740465883,0.712278911564626
"200","BBVA Spain",3,-0.275997474747475,0.611212121212121
"201","BBW Dating & Curvy Singles Chat- LargeFriends",16,-0.181354166666667,0.502881944444444
"202","BBW Dating & Plus Size Chat",27,-0.29758177008177,0.542156084656085
"203","BBWCupid - BBW Dating App",9,-0.275555555555556,0.523888888888889
"204","Be A Legend: Soccer",59,-0.268003348660128,0.517838656948826
"205","Beautiful Design Birthday Cake",5,-0.444285714285714,0.502857142857143
"206","Beautiful Widgets Free",17,-0.237588171632289,0.580528711484594
"207","Beautiful Widgets Pro",5,-0.268592058982684,0.598192640692641
"208","Beauty Camera - Selfie Camera",8,-0.226041666666667,0.584895833333333
"209","Beauty Makeup Snappy Collage Photo Editor - Lidow",1,-0.0571428571428571,0.380952380952381
"210","BeautyPlus - Easy Photo Editor & Selfie Camera",0,0,0
"211","Bed Time Fan - White Noise Sleep Sounds",0,0,0
"212","BELONG Beating Cancer Together",2,-0.175,0.225
"213","BeSoccer - Soccer Live Score",2,-0.295238095238095,0.419047619047619
"214","BEST CAR SOUNDS",3,-0.655555555555556,1
"215","Best Car Wallpapers",1,-0.7,0.666666666666667
"216","Best Fiends - Free Puzzle Game",0,0,0
"217","Best Ovulation Tracker Fertility Calendar App Glow",0,0,0
"218","Best Wallpapers Backgrounds(100,000+ 4K HD)",0,0,0
"219","Best Wallpapers QHD",4,-0.353125,0.366666666666667
"220","BestCam Selfie-selfie, beauty camera, photo editor",32,-0.635096726190476,0.707772817460318
"221","BET NOW - Watch Shows",30,-0.447817234848485,0.671905303030303
"222","BetterMe: Weight Loss Workouts",6,-0.130555555555556,0.552546296296296
"223","Betterment",8,-0.178730158730159,0.601328656462585
"224","BeWild Free Dating & Chat App",6,-0.257638888888889,0.384027777777778
"225","BEYBLADE BURST app",17,-0.246066604963664,0.493708978929567
"226","BeyondMenu Food Delivery",2,-0.141666666666667,0.329166666666667
"227","BeyondPod Podcast Manager",7,-0.0797959183673469,0.615487528344671
"228","Bible",7,-0.323809523809524,0.655952380952381
"229","Big Days - Events Countdown",5,-0.191666666666667,0.546666666666667
"230","BIG Launcher",5,-0.23622557997558,0.505271672771673
"231","BiggerCity: Chat for gay bears, chubs & chasers",10,-0.333668777056277,0.583695292207792
"232","BigOven Recipes, Meal Planner, Grocery List & More",3,-0.055952380952381,0.475496031746032
"233","Bike Computer - GPS Cycling Tracker",3,-0.0437053571428571,0.341746031746032
"234","Binaural Beats Meditation",4,-0.28984375,0.70625
"235","Binaural Beats Therapy",3,-0.105357142857143,0.646428571428571
"236","BioLife Plasma Services",9,-0.110151515151515,0.429019961519962
"237","Birdays ‚Äì Birthday reminder",1,-0.1,0.6
"238","Birds Sounds Ringtones & Wallpapers",1,-0.5,0.9
"239","Black People Meet Singles Date",4,-0.274880952380952,0.534285714285714
"240","BLK - Swipe. Match. Chat.",4,-0.202295918367347,0.67171201814059
"241","Block Puzzle",71,-0.147809384306387,0.533202985593412
"242","Block Puzzle Classic Legend !",22,-0.43345041322314,0.552324380165289
"243","Blogaway for Android (Blogger)",4,-0.275,0.2625
"244","Blogger",6,-0.217185996873497,0.52300277434206
"245","Bloglovin'",7,-0.471865079365079,0.701399711399711
"246","Blood Donor",2,-0.17625,0.32375
"247","Blood Pressure",4,-0.2875,0.271875
"248","Blood Pressure Log - MyDiary",3,-0.0793518518518519,0.715780423280423
"249","Blood Pressure(BP) Diary",8,-0.333333333333333,0.52625
"250","Bloomberg Professional",11,-0.482365046569592,0.507576085530631
"251","Bloomberg: Market & Financial News",10,-0.245714285714286,0.421071428571429
"252","Blossom Blast Saga",19,-0.148531746031746,0.529749848105111
"253","Blur Image Background",1,-0.91,0.866666666666667
"254","Blur Image Background Editor (Blur Photo Editor)",7,-0.451150793650794,0.616626984126984
"255","BluTV",1,-0.0820238095238095,0.46047619047619
"256","Booking.com Travel Deals",27,-0.416947751322751,0.632694003527337
"257","Bowmasters",119,-0.180249143037854,0.484678839175873
"258","Box",12,-0.251944444444444,0.407222222222222
"259","Boxed Wholesale",4,-0.276004464285714,0.468936011904762
"260","Boys Photo Editor - Six Pack & Men's Suit",5,-0.55,0.563333333333333
"261","Brain Waves - Binaural Beats",5,-0.134299242424242,0.589280303030303
"262","Branch",8,-0.278196022727273,0.487957702020202
"263","Brasileir√£o Pro 2018 - S√©rie A e B",3,-0.236111111111111,0.477777777777778
"264","Breaking News, Local news, Attacks and Alerts Free",5,-0.126060606060606,0.440454545454545
"265","Brightest Flashlight Free ¬Æ",0,0,0
"266","Brightest LED Flashlight",1,-1,1
"267","Brilliant",5,-0.106666666666667,0.491666666666667
"268","Brit + Co",2,-0.197142857142857,0.702678571428571
"269","British Airways",5,-0.184666666666667,0.32
"270","Browser 4G",1,-0.375,0.5
"271","Bualuang mBanking",11,-0.272765151515152,0.467840909090909
"272","Bubble Shooter",40,-0.187958468614719,0.483688537157287
"273","Bubble Shooter 2",2,-0.225,0.4
"274","Bubble Shooter Genies",3,-0.323809523809524,0.525396825396825
"275","Bubble Shooter Space",7,-0.245238095238095,0.538095238095238
"276","Bubble Witch 3 Saga",11,-0.171688212130582,0.489731615786811
"277","Buienradar - weer",10,-0.433876262626263,0.699588383838384
"278","Build a Bridge!",27,-0.325392783656673,0.545944297472075
"279","Bukalapak - Jual Beli Online",15,-0.170445698481413,0.437282415996702
"280","BukuBayi - Perkembangan Bayi",1,-0.0583333333333333,0.658333333333333
"281","Burner - Free Phone Number",1,-0.9,1
"282","Buscap√© - Ofertas e descontos",0,0,0
"283","Business Calendar 2",4,-0.185569763183594,0.477083333333333
"284","Butterfly Live Wallpaper",0,0,0
"285","Buzz Launcher-Smart&Free Theme",10,-0.183299873737374,0.654632034632035
"286","BuzzFeed: News, Tasty, Quizzes",8,-0.30625,0.735416666666667
"287","BZWBK24 mobile",4,-0.105482142857143,0.543860119047619
"288","C Programming",3,-0.115092592592593,0.630092592592593
"289","C++ Programming",10,-0.323430555555556,0.597159722222222
"290","C++ Tutorials",0,0,0
"291","Cache Cleaner-DU Speed Booster (booster & cleaner)",2,-0.108585858585859,0.535454545454546
"292","Caf - Mon Compte",0,0,0
"293","CAIXA",15,-0.386202164502164,0.612735642135642
"294","CALCU‚Ñ¢ Stylish Calculator Free",1,-0.35,0.5
"295","Calculator - free calculator, multi calculator app",1,-0.25,0.25
"296","Calculator - unit converter",0,0,0
"297","Calculator Plus Free",0,0,0
"298","Calculator with Percent (Free)",0,0,0
"299","Calendar Widget Month + Agenda",0,0,0
"300","Calendar+ Schedule Planner App",0,0,0
"301","Call Blocker",2,-0.046969696969697,0.703503787878788
"302","Call Control - Call Blocker",1,-0.125,0.625
"303","Call of Duty:Black Ops Zombies",3,-0.162119502314815,0.442716049382716
"304","CallApp: Caller ID, Blocker & Phone Call Recorder",0,0,0
"305","Caller ID +",0,0,0
"306","Calls & Text by Mo+",0,0,0
"307","Calls Blacklist - Call Blocker",1,-0.093452380952381,0.678571428571428
"308","Calm - Meditate, Sleep, Relax",7,-0.153809523809524,0.408571428571429
"309","Calorie Counter - EasyFit free",1,-0.425,0.5875
"310","Calorie Counter - Macros",20,-0.120346590909091,0.475791125541126
"311","Calorie Counter - MyFitnessPal",52,-0.188073298229548,0.458508852258852
"312","Calorie Counter - MyNetDiary",4,-0.104166666666667,0.358333333333333
"313","Calorie Counter & Diet Tracker",17,-0.21220206927468,0.522182362844128
"314","Cameringo Lite. Filters Camera",0,0,0
"315","Candy Bomb",4,-0.2075,0.521666666666667
"316","Candy Camera - selfie, beauty camera, photo editor",24,-0.480026830808081,0.698753156565657
"317","Candy Crush Jelly Saga",44,-0.255578922340286,0.566939260234715
"318","Candy Crush Saga",126,-0.141886256091241,0.453515473136505
"319","Candy Crush Soda Saga",96,-0.184306444709684,0.468884066358025
"320","Candy Day",6,-0.270416666666667,0.435555555555556
"321","Candy Pop Story",13,-0.360707799145299,0.578985042735043
"322","Candy selfie - photo editor, live filter camera",2,-0.510606060606061,0.659090909090909
"323","Candy Smash",8,-0.275850694444444,0.504704861111111
"324","Canva: Poster, banner, card maker & graphic design",3,-0.410069444444444,0.858333333333333
"325","Canvas Student",1,-0.05,0.654166666666667
"326","Cat Sim Online: Play with Cats",14,-0.17672619047619,0.451892135642136
"327","CATS: Crash Arena Turbo Stars",21,-0.190815097600812,0.519839937084835
"328","Caviar - Food Delivery",8,-0.300230654761905,0.554816468253968
"329","CBS News",0,0,0
"330","CBS Sports App - Scores, News, Stats & Watch Live",42,-0.25834965299251,0.581413626056483
"331","CBS Sports Fantasy",9,-0.417731609019488,0.644832159983675
"332","CDL Practice Test 2018 Edition",1,-0.05,0.55
"333","Chakra Cleansing",1,-0.2,0.64
"334","Championat",6,-0.188155864197531,0.368479938271605
"335","Chapters: Interactive Stories",7,-0.16206400742115,0.42339208410637
"336","Chase Mobile",16,-0.123320707070707,0.514214804292929
"337","Chat Rooms, Avatars, Date - Galaxy",16,-0.207369678932179,0.476079244829245
"338","ChatVideo Meet new people",3,-0.311111111111111,0.511111111111111
"339","Cheap Flights & Hotels momondo",7,-0.331746031746032,0.639814814814815
"340","Cheap hotel deals and discounts ‚Äî Hotellook",4,-0.471666666666667,0.7675
"341","Cheapflights ‚Äì Flight Search",4,-0.370833333333333,0.625
"342","CheapTickets ‚Äì Hotels, Flights & Travel Deals",6,-0.385416666666667,0.570833333333333
"343","Checkers ‚úîÔ∏è",13,-0.254447496947497,0.453339438339438
"344","Checkout 51: Grocery coupons",3,-0.0538801707551708,0.403814333814334
"345","CheckPoints üèÜ Rewards App",6,-0.108495670995671,0.363744588744589
"346","Choice Hotels",2,-0.470634920634921,0.846031746031746
"347","Choices: Stories You Play",18,-0.143807457010582,0.504365979570841
"348","Christian Dating For Free App",22,-0.273143939393939,0.569368686868687
"349","Chrome Beta",4,-0.0937736742424242,0.502351641414141
"350","Chrome Dev",6,-0.128172842369271,0.455455962688106
"351","CIA - Caller ID & Call Blocker",2,-0.185714285714286,0.407142857142857
"352","Cinemark Theatres",10,-0.283339285714286,0.547565476190476
"353","Cisco Webex Meetings",11,-0.131742424242424,0.521271043771044
"354","Cisco Webex Teams",14,-0.25957671957672,0.483981481481481
"355","Citi Mobile¬Æ",18,-0.263752204585538,0.502645502645503
"356","Citibanamex Movil",9,-0.245148709315376,0.689977553310887
"357","Citizens Bank Mobile Banking",19,-0.178498637692717,0.518024156034024
"358","CityMaps2Go Plan Trips Travel Guide Offline Maps",4,-0.184469696969697,0.551767676767677
"359","Claro",14,-0.520744047619048,0.539484126984127
"360","Clash of Clans",10,-0.223778657106782,0.546212121212121
"361","Clash Royale",58,-0.114587309111996,0.470334153324422
"362","CM Browser - Ad Blocker , Fast Download , Privacy",1,-0.5,0.75
"363","CM Flashlight (Compass, SOS)",0,0,0
"364","CM Launcher 3D - Theme, Wallpapers, Efficient",2,-0.525,0.95
"365","CM Locker - Security Lockscreen",15,-0.300462962962963,0.492962962962963
"366","CMB Free Dating App",6,-0.190740740740741,0.584259259259259
"367","CNBC: Breaking Business News & Live Market Data",8,-0.148951847784568,0.460808399117223
"368","CNN Breaking US & World News",41,-0.223082017914335,0.610880846795481
"369","Color by Number - Draw Sandbox Pixel Art",17,-0.339825248281131,0.616871976063153
"370","Color by Number ‚Äì New Coloring Book",4,-0.280416666666667,0.623035714285714
"371","Color Flashlight",2,-0.45,0.8
"372","Color Road",22,-0.189517045454545,0.441966089466089
"373","Color Touch Effects",8,-0.452604166666667,0.594270833333333
"374","ColorFil - Adult Coloring Book",6,-0.435532407407407,0.768904320987654
"375","Colorfit - Drawing & Coloring",8,-0.125564348845599,0.580196383477633
"376","Colorful Glitter Neon Butterfly Keyboard Theme",7,-0.496428571428571,0.799319727891156
"377","Colorfy: Coloring Book for Adults - Free",45,-0.312212634112287,0.686883406819518
"378","Coloring & Learn",3,-0.276515151515151,0.506060606060606
"379","Coloring book moana",14,-0.596428571428571,0.726190476190476
"380","ColorNote Notepad Notes",7,-0.177532596371882,0.535144557823129
"381","ColorSnap¬Æ Visualizer",12,-0.225648148148148,0.49349537037037
"382","Comedy Central",12,-0.143848003848004,0.538148148148148
"383","Common Core",4,-0.276941287878788,0.540415313852814
"384","Comptia A+ 220-901 & 220-902",0,0,0
"385","ConnectLine",5,-0.344513888888889,0.665277777777778
"386","Contacts",13,-0.292064107767233,0.563909939267082
"387","Contacts+",1,-0.25,0.75
"388","Content Transfer",9,-0.149531650833734,0.393138728555395
"389","ConvertPad - Unit Converter",9,-0.129179894179894,0.477579365079365
"390","Cookbook Recipes",0,0,0
"391","Cooking Channel",4,-0.441220238095238,0.50639880952381
"392","Cooking Fever",79,-0.172298171479461,0.493727698085155
"393","Cooking Madness - A Chef's Restaurant Games",17,-0.170977127830299,0.510726540616246
"394","COOKING MAMA Let's Cook!",6,-0.197486772486772,0.549223985890653
"395","Cookpad",7,-0.352083333333333,0.579761904761905
"396","Cool Popular Ringtones 2018 üî•",10,-0.45287109375,0.62625
"397","Cool Reader",11,-0.191603699330972,0.587255345664437
"398","Couch to 10K Running Trainer",2,-0.583333333333333,0.533333333333333
"399","Couch to 5K by RunDouble",4,-0.364583333333333,0.435615079365079
"400","Couchsurfing Travel App",6,-0.186953463203463,0.614891774891775
"401","Cougar Dating Life : Date Older Women Sugar Mummy",16,-0.342361111111111,0.457638888888889
"402","Couple - Relationship App",0,0,0
"403","Credit Karma",5,-0.119141666666667,0.541790476190476
"404","Credit Sesame",10,-0.253308080808081,0.481462842712843
"405","CreditWise from Capital One",7,-0.210714285714286,0.568055555555556
"406","Crew - Free Messaging and Scheduling",4,-0.28,0.573333333333333
"407","Cricbuzz - Live Cricket Scores & News",11,-0.281184654991473,0.625187262232717
"408","Cricket Visual Voicemail",16,-0.158672610458325,0.415493895159074
"409","Crossy Road",12,-0.259990981240981,0.536182359307359
"410","Crunchyroll - Everything Anime",15,-0.16875,0.311833333333333
"411","Current debit card and app made for teens",1,-0.166666666666667,0.633333333333333
"412","Curriculum vitae App CV Builder Free Resume Maker",2,-0.325,0.575
"413","Curso de Ingles Gratis",0,0,0
"414","Cut the Rope 2",19,-0.231398635477583,0.546535087719298
"415","Cut the Rope FULL FREE",14,-0.1313418164885,0.547080296404276
"416","CVS Caremark",6,-0.211921296296296,0.41860933048433
"417","CW Seed",5,-0.200833333333333,0.428333333333333
"418","CWT To Go",6,-0.277579365079365,0.507010582010582
"419","Cycling - Bike Tracker",4,-0.255208333333333,0.66875
"420","Cymera Camera- Photo Editor, Filter,Collage,Layout",3,-0.4875,0.6125
"421","Czech Public Transport IDOS",2,-0.1875,0.5375
"422","Daily Workouts - Exercise Fitness Routine Trainer",0,0,0
"423","Daily Yoga - Yoga Fitness Plans",2,-0.125595238095238,0.462202380952381
"424","Dailyhunt (Newshunt) - Latest News, Viral Videos",3,-0.210416666666667,0.627777777777778
"425","Dairy Queen",0,0,0
"426","Daniel Tiger for Parents",0,0,0
"427","DashClock Widget",0,0,0
"428","Dashlane Free Password Manager",1,-0.0741666666666667,0.426666666666667
"429","Dating App, Flirt & Chat : W-Match",0,0,0
"430","Dating for 50 plus Mature Singles ‚Äì FINALLY",0,0,0
"431","Daum Mail - Îã§Ïùå Î©îÏùº",0,0,0
"432","Davis's Drug Guide",1,-1,1
"433","Davis's Drug Guide for Nurses",0,0,0
"434","DC Comics",1,-0.05,0.75
"435","DC Super Hero Girls‚Ñ¢",9,-0.277777777777778,0.488888888888889
"436","DEAD TARGET: FPS Zombie Apocalypse Survival Games",47,-0.22601986813423,0.49501855561696
"437","Debonairs Pizza",2,-0.577083333333333,0.722916666666667
"438","DEER HUNTER 2018",3,-0.383333333333333,0.433333333333333
"439","DELISH KITCHEN - ÁÑ°Êñô„É¨„Ç∑„ÉîÂãïÁîª„ÅßÊñôÁêÜ„ÇíÊ•Ω„Åó„Åè„ÉªÁ∞°Âçò„Å´ÔºÅ",0,0,0
"440","Delivery Club‚Äì–î–æ—Å—Ç–∞–≤–∫–∞ –µ–¥—ã:–ø–∏—Ü—Ü–∞,—Å—É—à–∏,–±—É—Ä–≥–µ—Ä,—Å–∞–ª–∞—Ç",6,-0.139099702380952,0.447619047619048
"441","Delta Dental",20,-0.311963293650794,0.430296626984127
"442","Despegar.com Hoteles y Vuelos",6,-0.385595238095238,0.608465608465608
"443","Detector de Radares Gratis",2,-0.1,0.666666666666667
"444","Device Help",8,-0.297213541666667,0.365625
"445","Diabetes & Diet Tracker",4,-0.197916666666667,0.681944444444444
"446","Diabetes:M",2,-0.0947916666666667,0.4125
"447","Diamond Zipper Lock Screen",8,-0.7390625,0.815104166666667
"448","Diary with lock",10,-0.124894921436588,0.595106140772807
"449","Diary with lock password",7,-0.160955900160446,0.466033533566001
"450","Dictionary - Merriam-Webster",2,-0.125,0.520833333333333
"451","Die TK-App ‚Äì alles im Griff",5,-0.488253968253968,0.900793650793651
"452","Digg",13,-0.182580197580198,0.448016705516706
"453","DigiCal Calendar Agenda",5,-0.0740925925925926,0.488814814814815
"454","Digit Save Money Automatically",2,-0.0961174242424243,0.476231060606061
"455","Digital Alarm Clock",5,-0.274461279461279,0.410869809203143
"456","Dil Mil",11,-0.440164502164502,0.712069264069264
"457","DINO HUNTER: DEADLY SHORES",38,-0.161491226244516,0.491900927005094
"458","Dino War: Rise of Beasts",6,-0.219785353535354,0.500972222222222
"459","Dinosaur Simulator: Dino World",6,-0.354166666666667,0.408333333333333
"460","Discover Mobile",1,-0.0416666666666667,0.527777777777778
"461","Disney Heroes: Battle Mode",1,-0.05,0.416666666666667
"462","Disney Magic Kingdoms: Build Your Own Magical Park",16,-0.163809910327767,0.451225612185434
"463","DisneyNOW ‚Äì TV Shows & Games",10,-0.146347222222222,0.592972222222222
"464","Divar",9,-0.183179012345679,0.576807760141093
"465","DIY Garden Ideas",2,-0.15,0.7
"466","DIY On A Budget",1,-0.222222222222222,0.155555555555556
"467","DMV Permit Practice Test 2018 Edition",2,-0.125,0.466666666666667
"468","Do It Later: Tasks & To-Dos",5,-0.358928571428571,0.429047619047619
"469","Docs To Go‚Ñ¢ Free Office Suite",11,-0.280492424242424,0.501136363636364
"470","Doctor On Demand",2,-0.5,0.68125
"471","Doctor Pets",9,-0.351851851851852,0.57962962962963
"472","Dog Licks Screen Wallpaper",5,-0.559199134199134,0.823174603174603
"473","Dog Run - Pet Dog Simulator",13,-0.331153846153846,0.653076923076923
"474","Dog Sim Online: Raise a Family",2,-0.0202448593073593,0.59077380952381
"475","Domino's Pizza USA",11,-0.139348845598846,0.5340934858792
"476","Dominos Game ‚úîÔ∏è",13,-0.260705960705961,0.480973193473194
"477","Domofond –ù–µ–¥–≤–∏–∂–∏–º–æ—Å—Ç—å. –ö—É–ø–∏—Ç—å, —Å–Ω—è—Ç—å –∫–≤–∞—Ä—Ç–∏—Ä—É.",7,-0.333670496170496,0.661280386280386
"478","Doodle Jump",25,-0.396867879689755,0.622939105339105
"479","Door Lock Screen",0,0,0
"480","DoorDash - Food Delivery",13,-0.170379782254782,0.479481074481074
"481","Dosecast - Medication Reminder",3,-0.4,0.516666666666667
"482","Down Dog: Great Yoga Anywhere",0,0,0
"483","Dr. Oetker Rezeptideen",5,-0.273625,0.481166666666667
"484","Dr. Panda & Toto's Treehouse",12,-0.302777777777778,0.495138888888889
"485","Dr. Panda Restaurant 3",15,-0.488041666666667,0.608106481481481
"486","Dr. Panda Town: Vacation",10,-0.293916480654762,0.513964285714286
"487","DraftKings - Daily Fantasy Sports",6,-0.241666666666667,0.537037037037037
"488","DRAGON BALL LEGENDS",39,-0.13891508954009,0.483715404965405
"489","Dragon Hills",5,-0.156215277777778,0.59
"490","Draw A Stickman",1,-0.15,0.4
"491","Draw a Stickman: EPIC 2",0,0,0
"492","Draw In",1,-0.134166666666667,0.5825
"493","Draw Your Game",2,-0.668489583333333,0.683333333333333
"494","Drawing for Kids Learning Games for Toddlers age 3",0,0,0
"495","Dream League Soccer 2018",1,-0.20625,0.40625
"496","DreamTrips",6,-0.260747354497354,0.521660052910053
"497","DreamWorks Friends",20,-0.493958333333333,0.61
"498","Dresses Ideas & Fashions +3000",1,-0.0666666666666667,0.62962962962963
"499","Droid Zap by Motorola",16,-0.365572916666667,0.5784375
"500","DroidAdmin for Android - Advice",12,-0.411458333333333,0.685324074074074
"501","Dropbox",8,-0.344270833333333,0.604166666666667
"502","Drugs.com Medication Guide",3,-0.383333333333333,0.505555555555556
"503","DSLR Camera Hd Ultra Professional",13,-0.494679487179487,0.629166666666667
"504","DStv Now",14,-0.339254994137807,0.560579004329004
"505","DU Browser‚ÄîBrowse fast & fun",8,-0.347967865467865,0.614900828338328
"506","DU Recorder ‚Äì Screen Recorder, Video Editor, Live",11,-0.300741997901089,0.636453823953824
"507","Dude Perfect 2",22,-0.195106002628324,0.527099030268673
"508","Dumb Ways to Die 2: The Games",13,-0.286849816849817,0.546422466422466
"509","Dungeon Hunter Champions: Epic Online Action RPG",14,-0.360853861746719,0.622399897910102
"510","Dunkin' Donuts",3,-0.14481721981722,0.507487574154241
"511","Duolingo: Learn Languages Free",34,-0.0909578319964349,0.458109455903574
"512","DuraSpeed",11,-0.362554112554113,0.699747474747475
"513","E*TRADE Mobile",7,-0.215854978354978,0.511037851037851
"514","Easy - taxi, car, ridesharing",5,-0.291060606060606,0.657676767676768
"515","Easy Hair Style Design",1,-0.2,0
"516","Easy Healthy Recipes",0,0,0
"517","Easy Installer - Apps On SD",8,-0.490625,0.6046875
"518","Easy Makeup Tutorials",4,-0.444444444444444,0.511111111111111
"519","Easy Origami Ideas",11,-0.492727272727273,0.672272727272727
"520","Easy Recipes",5,-0.348063492063492,0.463349206349206
"521","Easy Voice Recorder",0,0,0
"522","EasyBib: Citation Generator",10,-0.361166666666667,0.573666666666667
"523","Eat Fit - Diet and Health Free",21,-0.348195861678005,0.46609977324263
"524","Eat24 Food Delivery & Takeout",8,-0.305944055944056,0.568407634032634
"525","EatStreet Food Delivery App",0,0,0
"526","Ebates: Cash Back, Coupons, Rewards & Savings",5,-0.08875,0.478333333333333
"527","Ebook Reader",4,-0.216868489583333,0.61375
"528","Ecobank Mobile Banking",19,-0.252814978180932,0.598269553302448
"529","Edmodo",1,-0.166666666666667,0.166666666666667
"530","Educational Games 4 Kids",9,-0.256944444444444,0.436111111111111
"531","Educational Games for Kids",2,-0.233333333333333,0.533333333333333
"532","El tiempo de AEMET",0,0,0
"533","English-Myanmar Dictionary",1,-0.05,0.15
"534","English with Lingualeo",1,-0.05,0.383333333333333
"535","Entel",13,-0.201800699300699,0.486081002331002
"536","Enterprise Rent-A-Car",5,-0.245555555555556,0.868888888888889
"537","Episode - Choose Your Story",48,-0.274014267086254,0.490477980807222
"538","Epocrates Plus",6,-0.222867063492064,0.530952380952381
"539","Equestria Girls",30,-0.248248160548942,0.55066512345679
"540","Essential Anatomy 3",10,-0.0665454545454546,0.482348484848485
"541","Essential Resources",5,-0.22547619047619,0.483862433862434
"542","Etsy: Handmade & Vintage Goods",12,-0.270912698412698,0.528650793650794
"543","Etta Homes",3,-0.454166666666667,0.590509259259259
"544","Eurosport",13,-0.21388986013986,0.545737179487179
"545","Eve Period Tracker - Love, Sex & Relationships App",0,0,0
"546","Even - organize your money, get paid early",1,-0.25,0.616666666666667
"547","Evernote ‚Äì Organizer, Planner for Notes & Memos",25,-0.162976259995791,0.467260942760943
"548","Evie Launcher",2,-0.0541666666666667,0.332142857142857
"549","ExDialer - Dialer & Contacts",5,-0.121944444444444,0.609475308641975
"550","Expedia Hotels, Flights & Car Rental Travel Deals",55,-0.313016233766234,0.503478354978355
"551","Expense IQ Money Manager",1,-0.23,0.312
"552","Experian - Free Credit Report",6,-0.168364197530864,0.479320987654321
"553","Extreme Car Driving Simulator",1,-0.4,0.433333333333333
"554","Extreme Coupon Finder",4,-0.336979166666667,0.665104166666667
"555","Extreme Match",18,-0.23554012345679,0.405987654320988
"556","Extreme Racing 2 - Real driving RC cars game!",13,-0.393782051282051,0.584358974358974
"557","EyeCloud",4,-0.239583333333333,0.419444444444444
"558","EyeEm - Camera & Photo Filter",7,-0.118470804988662,0.412942176870748
"559","EzCalculator",4,-0.18828125,0.560416666666667
"560","Fabulous: Motivate Me! Meditate, Relax, Sleep",6,-0.0447691197691198,0.498917748917749
"561","Face Filter, Selfie Editor - Sweet Camera",3,-0.7,0.818518518518519
"562","Facebook",60,-0.189097920486081,0.528018345301083
"563","Facebook Ads Manager",5,-0.235474747474747,0.294777777777778
"564","Facebook Lite",14,-0.205464313092661,0.501129148629149
"565","Facebook Local",10,-0.19090404040404,0.526803661616162
"566","Facebook Pages Manager",12,-0.491916937229437,0.763600288600289
"567","Facetune - Ad Free",5,-0.261011904761905,0.444325396825397
"568","Fake Call - Fake Caller ID",8,-0.366145833333333,0.658680555555555
"569","Fallout Shelter",4,-0.083962015993266,0.440350378787879
"570","Family Album Mitene: Private Photo & Video Sharing",2,-0.234259259259259,0.714814814814815
"571","Family Dollar",9,-0.246478174603175,0.380660273368607
"572","Family GPS Tracker and Chat + Baby Monitor Online",2,-0.273958333333333,0.620833333333333
"573","Family GPS tracker KidControl + GPS by SMS Locator",6,-0.310753367003367,0.496717171717172
"574","Family Locator - GPS Tracker",7,-0.438809523809524,0.585992063492063
"575","FamilySearch Tree",4,-0.440716145833333,0.625833333333333
"576","Fancy Widgets",3,-0.129722222222222,0.710185185185185
"577","Fandango Movies - Times + Tickets",15,-0.377476293547722,0.464167800453515
"578","FanDuel: Daily Fantasy Sports",1,-0.5,0.8
"579","Fantasy Football",21,-0.200244236583522,0.520060468631897
"580","Fantasy Football & NFL News",2,-0.1875,0.25
"581","Fantasy Football Manager (FPL)",3,-0.193333333333333,0.661666666666667
"582","Farm Fruit Pop: Party Time",6,-0.304578993055556,0.432222222222222
"583","Farm Heroes Saga",43,-0.254223668369744,0.516918898285177
"584","Farming Simulator 14",6,-0.231654779441238,0.427421035754369
"585","Farming Simulator 18",13,-0.177852876290376,0.455512508325008
"586","Fashion in Vogue",32,-0.290364583333333,0.503559027777778
"587","Fast News",7,-0.14702380952381,0.587040816326531
"588","Fast Scanner : Free PDF Scan",1,-0.166666666666667,0.433333333333333
"589","Fast Secure VPN",11,-0.371493506493506,0.538566790352505
"590","FastMeet: Chat, Dating, Love",8,-0.1721875,0.543229166666667
"591","Fat Burning Workout - Home Weight lose",11,-0.329578823953824,0.630396825396825
"592","Fate/Grand Order (English)",9,-0.0788320572174739,0.51288020621354
"593","FBReader: Favorite Book Reader",6,-0.160042735042735,0.443046398046398
"594","FERZU - Furries Social Network",12,-0.274567901234568,0.530277777777778
"595","FidMe Loyalty Cards & Deals at Grocery Supermarket",2,-0.1,0.5375
"596","FIFA - Tournaments, Soccer News & Live Scores",20,-0.270164141414141,0.54110119047619
"597","File Browser by Astro (File Manager)",3,-0.336931818181818,0.522727272727273
"598","File Explorer",3,-0.440277777777778,0.594444444444444
"599","File Manager",3,-0.197272727272727,0.515016835016835
"600","File Manager -- Take Command of Your Files Easily",1,-0.8,0.9
"601","Files Go by Google: Free up space on your phone",9,-0.0724675992731548,0.553548380631714
"602","FilterGrid - Cam&Photo Editor",9,-0.454188712522046,0.691181657848325
"603","Filters for B Live",4,-0.565625,0.675
"604","Filters for Selfie",16,-0.65109375,0.823263888888889
"605","FINAL FANTASY BRAVE EXVIUS",11,-0.150051294282226,0.520167282447046
"606","Final Fantasy XV: A New Empire",17,-0.137197051989988,0.529072860962567
"607","Financial Times",4,-0.1875,0.534672619047619
"608","Find a Way: Addictive Puzzle",10,-0.14144246031746,0.631714285714286
"609","Find Dining Restaurant Finder",1,-0.125,0.2
"610","Find&Save - Local Shopping",7,-0.0876461038961039,0.476865594722738
"611","FindShip",9,-0.147255291005291,0.32121743996744
"612","Firefox Browser fast & private",17,-0.0870763456897911,0.55745304182279
"613","Firefox Focus: The privacy browser",4,-0.545454545454545,0.665151515151515
"614","Fishdom",42,-0.123717029359379,0.590539593393219
"615","Fitbit",1,-0.28125,0.630753968253968
"616","Flashlight",3,-0.401388888888889,0.71
"617","Flashlight - Torch LED Light",2,-0.275,0.6375
"618","Flashlight & LED Torch",0,0,0
"619","Flashlight HD LED",1,-0.131818181818182,0.527272727272727
"620","Flickr",19,-0.217456140350877,0.462214912280702
"621","Flight & Hotel Booking App - ixigo",6,-0.401951058201058,0.652281746031746
"622","Flightradar24 Flight Tracker",2,-0.116071428571429,0.58452380952381
"623","Flights",3,-0.545833333333333,0.85
"624","Flip the Gun - Simulator Game",12,-0.173203162578163,0.540260040885041
"625","FlipaClip - Cartoon animation",0,0,0
"626","Flipboard: News For Our Time",0,0,0
"627","Flipkart Online Shopping App",4,-0.425,0.665277777777778
"628","Flipp - Weekly Shopping",2,-0.402777777777778,0.608333333333333
"629","Flippy Campus - Buy & sell on campus at a discount",0,0,0
"630","FlirtChat - ‚ô•Free Dating/Flirting App‚ô•",2,-0.019047619047619,0.385714285714286
"631","Floor Plan Creator",3,-0.35,0.511111111111111
"632","Flow Free",49,-0.136300408774899,0.467308067782558
"633","Flowers Live Wallpaper",4,-0.875,0.875
"634","Fly Delta",10,-0.401360544217687,0.607448979591837
"635","FollowMyHealth¬Æ",6,-0.337357142857143,0.51505291005291
"636","Font Studio- Photo Texts Image",10,-0.244977678571429,0.600565476190476
"637","Food Calorie Calculator",8,-0.488802083333333,0.7125
"638","Food Network",24,-0.243087572150072,0.486994047619048
"639","Fooducate Healthy Weight Loss & Calorie Counter",2,-0.395833333333333,0.770833333333333
"640","Foot Mercato : transferts, r√©sultats, news, live",3,-0.447222222222222,0.551851851851852
"641","Football Live Scores",2,-0.377678571428571,0.589285714285714
"642","ForecaWeather",5,-0.121666666666667,0.554444444444444
"643","Fortune City - A Finance App",4,-0.353219696969697,0.571212121212121
"644","FOSSIL Q: DESIGN YOUR DIAL",1,-0.5,0.2
"645","Four In A Line",6,-0.307777777777778,0.672777777777778
"646","Four In A Line Free",4,-0.169444444444444,0.463888888888889
"647","Foursquare City Guide",6,-0.315580808080808,0.584307359307359
"648","Foursquare Swarm: Check In",12,-0.377243416305916,0.518078209819281
"649","FOX",22,-0.206308539944904,0.424273689273689
"650","Fox Business",9,-0.153126445313945,0.509373404373404
"651","Fox News ‚Äì Breaking News, Live Video & News Alerts",42,-0.260714028035457,0.553089311482169
"652","FOX NOW - On Demand & Live TV",40,-0.266009199134199,0.526770833333333
"653","FOX Sports: Live Streaming, Scores & News",5,-0.328232323232323,0.511111111111111
"654","Fraction Calculator Plus Free",5,-0.346666666666667,0.562380952380952
"655","Free & Premium VPN - FinchVPN",3,-0.2,0.527083333333333
"656","Free Dating & Flirt Chat - Choice of Love",11,-0.365909090909091,0.381439393939394
"657","Free Dating App - Meet Local Singles - Flirt Chat",31,-0.412339989759345,0.739061699948797
"658","Free Dating App - YoCutie - Flirt, Chat & Meet",9,-0.337731481481481,0.661111111111111
"659","Free Dating App & Flirt Chat - Cheers",4,-0.127083333333333,0.341666666666667
"660","Free Dating App & Flirt Chat - Match with Singles",6,-0.45,0.775925925925926
"661","Free Dating Hook Up Messenger",12,-0.175412109375,0.637861111111111
"662","Free Foreclosure Real Estate Search by USHUD.com",14,-0.445014880952381,0.523992673992674
"663","Free Hypnosis",1,-0.0333333333333333,0.226666666666667
"664","Free Live Talk-Video Call",1,-0.1,0.1
"665","Free live weather on screen",2,-0.65,0.725
"666","Free Panda Radio Music",0,0,0
"667","Free phone calls, free texting SMS on free number",7,-0.169489795918367,0.562244897959184
"668","Free Sports TV",7,-0.16004329004329,0.607142857142857
"669","Free TV Shows App:News, TV Series, Episode, Movies",5,-0.43825,0.5885
"670","Free VIN Report for Used Cars",3,-0.145833333333333,0.652083333333333
"671","FREEDOME VPN Unlimited anonymous Wifi Security",0,0,0
"672","Freeletics: Personal Trainer & Fitness Workouts",1,-1,1
"673","Freeme Launcher‚ÄîStylish Theme",5,-0.457666666666667,0.596666666666667
"674","FreePrints ‚Äì Free Photos Delivered",2,-0.169047619047619,0.513690476190476
"675","Fresh EBT - Food Stamp Balance",7,-0.234623015873016,0.529166666666667
"676","FreshBooks Classic",20,-0.316989577882435,0.514554697947555
"677","Frontback - Social Photos",8,-0.350434027777778,0.456076388888889
"678","Frozen Free Fall",25,-0.213445743145743,0.537932178932179
"679","Fruit Block - Puzzle Legend",1,-0.183333333333333,0.377777777777778
"680","Fruit Ninja¬Æ",6,-0.320833333333333,0.470486111111111
"681","Fruits Bomb",12,-0.255277777777778,0.647013888888889
"682","Fuelio: Gas log & costs",3,-0.245833333333333,0.579166666666667
"683","Full Screen Caller ID",1,-0.2,0.475
"684","FUN Keyboard ‚Äì Emoji Keyboard, Sticker,Theme & GIF",0,0,0
"685","Fun Kid Racing",4,-0.3875,0.645833333333333
"686","Fun Kid Racing - Motocross",6,-0.391666666666667,0.568055555555556
"687","Funny Alarm Clock Ringtones",10,-0.24609375,0.620972222222222
"688","Funny Pics",1,-0.3125,0.5
"689","Fuzzy Seasons: Animal Forest",3,-0.0807911706349207,0.583597883597884
"690","G Cloud Backup",4,-0.135416666666667,0.722916666666667
"691","Galactic Core Free Wallpaper",5,-0.356494047619048,0.667166666666667
"692","Galaxy Attack: Alien Shooter",43,-0.263233452593918,0.390339892665474
"693","Game of Thrones: Conquest‚Ñ¢",2,-0.283333333333333,0.35
"694","Gametime - Tickets to Sports, Concerts, Theater",2,-0.174537037037037,0.390277777777778
"695","GANMA! - „Ç™„É™„Ç∏„Éä„É´Êº´Áîª„ÅåÂÖ®Ë©±ÁÑ°Êñô„ÅßË™≠„ÅøÊîæÈ°å",2,-0.457291666666667,0.672916666666667
"696","Garden Coloring Book",10,-0.30089898989899,0.698901515151515
"697","Garden Fruit Legend",8,-0.2078125,0.441666666666667
"698","Garden Photo Frames - Garden Photo Editor",4,-0.353333333333333,0.79375
"699","Gardenscapes",63,-0.123119326116952,0.515196787783348
"700","Garena Free Fire",81,-0.18152421926496,0.460795637147489
"701","Garmin Connect‚Ñ¢",9,-0.273174603174603,0.464179894179894
"702","GasBuddy: Find Cheap Gas",7,-0.248831168831169,0.679292929292929
"703","Gay Sugar Daddy Dating & Hookup ‚Äì Sudy Gay",16,-0.575572916666667,0.891770833333333
"704","Gboard - the Google Keyboard",34,-0.136706561412444,0.532446971212728
"705","GCash - Buy Load, Pay Bills, Send Money",8,-0.419766865079365,0.668005952380952
"706","Gems or jewels ?",8,-0.130986201298701,0.449168019480519
"707","Genius Scan - PDF Scanner",1,-0.025,0.9
"708","Gmail",22,-0.208283976124885,0.518392037255674
"709","GMAT Math Flashcards",1,-0.1,0.433333333333333
"710","GMAT Question Bank",4,-0.183106060606061,0.50885101010101
"711","GMX Mail",3,-0.238888888888889,0.558333333333333
"712","GO Keyboard - Cute Emojis, Themes and GIFs",1,-0.0958333333333333,0.283333333333333
"713","GO Keyboard - Emoticon keyboard, Free Theme, GIF",4,-0.171203327922078,0.54244227994228
"714","GO Notifier",8,-0.149224330357143,0.584017857142857
"715","GO SMS Pro - Messenger, Free Themes, Emoji",4,-0.165719696969697,0.700378787878788
"716","GO Weather - Widget, Theme, Wallpaper, Efficient",4,-0.158730158730159,0.534325396825397
"717","Goal Live Scores",9,-0.29154822029822,0.575060125060125
"718","GoBank",16,-0.247111253908129,0.557266038359788
"719","Goibibo - Flight Hotel Bus Car IRCTC Booking App",4,-0.346296296296296,0.675115740740741
"720","Goku Wallpaper Art",1,-0.182142857142857,0.753571428571429
"721","Gold Butterfly Keyboard Theme",3,-0.657083333333333,0.806666666666667
"722","Golden Dictionary (EN-AR)",3,-0.511666666666667,0.672222222222222
"723","Golden Launcher",1,-0.3,0.4
"724","Goldstar: Live Event Tickets",0,0,0
"725","Golf Channel",19,-0.231484582668793,0.503640350877193
"726","Golf GPS by SwingxSwing",7,-0.142202380952381,0.357242063492063
"727","Golf GPS Rangefinder: Golf Pad",6,-0.29031746031746,0.560376984126984
"728","GolfLogix GPS + Putt Breaks",18,-0.275027732683983,0.540070145903479
"729","GolfNow: Tee Time Deals at Golf Courses, Golf GPS",6,-0.214705086580087,0.486873196248196
"730","Golfshot Plus: Golf GPS",3,-0.0819444444444445,0.418055555555556
"731","Golfshot: Golf GPS + Tee Times",6,-0.477777777777778,0.461111111111111
"732","GoodRx Drug Prices and Coupons",3,-0.47109375,0.783333333333333
"733","Google",3,-0.39023569023569,0.651683501683502
"734","Google Ads",18,-0.32358024691358,0.531635802469136
"735","Google Duo - High Quality Video Calls",2,-0.216666666666667,0.504166666666667
"736","Google Earth",10,-0.253402777777778,0.493708333333333
"737","Google Fit - Fitness Tracking",12,-0.233240740740741,0.564470899470899
"738","Google Handwriting Input",1,-0.4,0.58
"739","Google Keep",30,-0.385577380952381,0.561107142857143
"740","Google My Business",9,-0.33699494949495,0.664646464646465
"741","Google News",39,-0.152105995855996,0.533019781144781
"742","Google Pay",30,-0.194097222222222,0.538055555555556
"743","Google PDF Viewer",22,-0.21991341991342,0.491247294372294
"744","Google Photos",47,-0.202801629517055,0.57462609157138
"745","Google Primer",0,0,0
"746","Google Slides",0,0,0
"747","Google Street View",3,-0.666666666666667,0.588888888888889
"748","Google Translate",0,0,0
"749","Google Trips - Travel Planner",0,0,0
"750","Google Voice",0,0,0
"751","Google+",0,0,0
"752","GoPro (formerly Capture)",23,-0.13118713336784,0.452037132553437
"753","GPS Map Free",0,0,0
"754","GPS Speedometer and Odometer",0,0,0
"755","GPS Speedometer, Distance Meter",5,-0.491166666666667,0.603333333333333
"756","GPS Status & Toolbox",3,-0.136111111111111,0.136111111111111
"757","GPS Traffic Speedcam Route Planner by ViaMichelin",6,-0.193402777777778,0.517592592592593
"758","Granny",10,-0.148747880591631,0.561371167027417
"759","Graphing Calculator",13,-0.439404761904762,0.641611721611722
"760","GRE Flashcards",4,-0.160227272727273,0.467992424242424
"761","GRE Prep & Practice by Magoosh",1,-0.00416666666666667,0.314583333333333
"762","GRE Tutor",2,-0.225,0.65625
"763","Grim Soul: Dark Fantasy Survival",13,-0.106255604260412,0.46834049497511
"764","Groovebook Photo Books & Gifts",8,-0.142259070294785,0.550816326530612
"765","GroupMe",11,-0.258244047619048,0.473658563658564
"766","Groupon - Shop Deals, Discounts & Coupons",10,-0.214,0.538
"767","Grubhub: Food Delivery",20,-0.375,0.464136904761905
"768","GS SHOP",2,-0.9,1
"769","Guns of Glory",23,-0.385600257230692,0.522461083602388
"770","GUNSHIP BATTLE: Helicopter 3D",11,-0.271539188941977,0.5116391184573
"771","Gyft - Mobile Gift Card Wallet",48,-0.310386087436869,0.616310895412458
"772","H Pack",10,-0.333416666666667,0.525305555555556
"773","H TV",3,-0.461111111111111,0.55
"774","H&M",16,-0.327363149726431,0.639117176226551
"775","Hacker's Keyboard",4,-0.169166666666667,0.503630952380952
"776","Hairstyles step by step",4,-0.377083333333333,0.6125
"777","Hamilton ‚Äî The Official App",7,-0.210707199546485,0.449967403628118
"778","Hangouts",12,-0.320819444444444,0.618094856532357
"779","Happify",0,0,0
"780","Happy Birthday Songs Offline",2,-0.2,0
"781","Happy Fruits Bomb - Cube Blast",7,-0.45,0.592857142857143
"782","Happy Street",8,-0.194101520224567,0.4863704004329
"783","Harkins Theatres",6,-0.315525083188657,0.636882716049383
"784","Harry Potter: Hogwarts Mystery",14,-0.121674155457638,0.490907920617742
"785","HauteLook",10,-0.301527777777778,0.491805555555556
"786","Hay Day",24,-0.196403579972659,0.536273773132326
"787","Haystack TV: Local & World News - Free",0,0,0
"788","HBO GO: Stream with TV Package",17,-0.188714349959098,0.538721152796783
"789","HD Camera",0,0,0
"790","HD Camera - Best Cam with filters & panorama",2,-0.85,0.833333333333333
"791","HD Camera - Quick Snap Photo & Video",0,0,0
"792","HD Camera for Android",2,-0.85,0.833333333333333
"793","HD Camera Pro for Android",6,-0.46875,0.674206349206349
"794","HD Camera Ultra",5,-0.185916666666667,0.561505952380952
"795","HD Movie Video Player",8,-0.321583946078431,0.58906862745098
"796","HD Video Player",5,-0.742,0.766666666666667
"797","HD Widgets",8,-0.100877621882086,0.467240646258503
"798","HDFC Bank MobileBanking",9,-0.242960157126824,0.471748035914703
"799","Headspace: Meditation & Mindfulness",0,0,0
"800","Health and Nutrition Guide",6,-0.525,0.707638888888889
"801","HealtheLife",12,-0.272708333333333,0.522361111111111
"802","Healthy Recipes Free",1,-0.0495238095238095,0.687142857142857
"803","Helix Jump",58,-0.093264628604838,0.488295159843805
"804","Hello Kitty Lunchbox",12,-0.548906475468975,0.695304533429533
"805","Hello Kitty Nail Salon",27,-0.25129384675681,0.516704879482657
"806","Hello Stars",16,-0.274434523809524,0.5459375
"807","HelloTalk ‚Äî Chat, Speak & Learn Foreign Languages",1,-0.0409375,0.48
"808","Hero Hunters",12,-0.257319878472222,0.51082671957672
"809","Herpes Dating: 1,000K+ Singles",7,-0.212301071943929,0.49387136672851
"810","Herpes Positive Singles Dating",3,-0.113474025974026,0.62146164021164
"811","HESI A2 Pocket Prep",1,-0.25,0.483333333333333
"812","Hide App, Private Dating, Safe Chat - PrivacyHider",24,-0.319162107182941,0.577246422558923
"813","Hide Something - Photo, Video",5,-0.190555555555556,0.392777777777778
"814","Hideman VPN",9,-0.210606995884774,0.522458847736626
"815","High-Powered Flashlight",1,-0.8,0.9
"816","High-Speed Camera (GIF,Burst)",3,-0.333333333333333,0.438888888888889
"817","High Blood Pressure Symptoms",5,-0.367458333333333,0.692666666666667
"818","Hill Climb Racing",13,-0.138490159801349,0.432009769562217
"819","Hill Climb Racing 2",11,-0.188282828282828,0.416919191919192
"820","Hily: Dating, Chat, Match, Meet & Hook up",29,-0.389064039408867,0.728776683087028
"821","Hinge: Dating & Relationships",11,-0.26233164983165,0.681649831649832
"822","HipChat - Chat Built for Teams",26,-0.232656311942026,0.545084791200863
"823","Hipmunk Hotels & Flights",1,-0.166666666666667,0.0666666666666667
"824","HISTORY: Watch TV Show Full Episodes & Specials",10,-0.319505256648114,0.635242376670948
"825","Hitwe - meet people and chat",7,-0.242857142857143,0.698452380952381
"826","Hole19: Golf GPS App, Rangefinder & Scorecard",0,0,0
"827","Home Decor Showpiece Art making: Medium Difficulty",5,-0.735333333333333,0.831666666666667
"828","Home Scouting¬Æ MLS Mobile",12,-0.326944444444444,0.339513888888889
"829","Home Security Camera WardenCam - reuse old phones",4,-0.459327651515151,0.648508522727273
"830","Home Street ‚Äì Home Design Game",13,-0.322409188034188,0.572257834757835
"831","Home Workout - No Equipment",1,-0.0166666666666667,0.166666666666667
"832","Home Workout for Men - Bodybuilding",0,0,0
"833","Home workouts - fat burning, abs, legs, arms,chest",0,0,0
"834","Homes.com üè† For Sale, Rent",3,-0.422222222222222,0.707407407407407
"835","Homescapes",25,-0.0773653013653014,0.509395352795353
"836","Homesnap Real Estate & Rentals",6,-0.344444444444444,0.520138888888889
"837","Homestyler Interior Design & Decorating Ideas",7,-0.189436885865457,0.631727135298564
"838","HomeWork",0,0,0
"839","Homework Planner",4,-0.0903174603174603,0.407777777777778
"840","Honkai Impact 3rd",22,-0.075672854081945,0.503667823878863
"841","Hopper - Watch & Book Flights",18,-0.309562576356739,0.49022633744856
"842","Horoscopes ‚Äì Daily Zodiac Horoscope and Astrology",1,-0.0404761904761905,0.339285714285714
"843","Horses Live Wallpaper",2,-0.578125,0.921875
"844","Hostelworld: Hostels & Cheap Hotels Travel App",12,-0.527756734006734,0.746212121212121
"845","Hot Wheels: Race Off",6,-0.411759259259259,0.593117283950617
"846","Hotels Combined - Cheap deals",7,-0.289115646258503,0.422845804988662
"847","Hotels.com: Book Hotel Rooms & Find Vacation Deals",21,-0.236089732971111,0.643514665606502
"848","HotelTonight: Book amazing deals at great hotels",17,-0.288328717850777,0.557347901281725
"849","Hotspot Shield Free VPN Proxy & Wi-Fi Security",3,-0.5,0.855555555555556
"850","Hotstar",14,-0.242405795380923,0.507714425597079
"851","Hotwire Hotel & Car Rental App",6,-0.303472222222222,0.621759259259259
"852","Housing-Real Estate & Property",10,-0.337926587301587,0.371934523809524
"853","HTC Calendar",2,-0.356439393939394,0.592424242424242
"854","HTC File Manager",3,-0.245875420875421,0.516245791245791
"855","HTC Gallery",12,-0.188279671717172,0.492441285566286
"856","HTC Help",9,-0.338579077815189,0.49639683875795
"857","HTC Lock Screen",17,-0.193810584839997,0.554060227626404
"858","HTC Mail",11,-0.223459873459873,0.444629865084411
"859","HTC Sense Input",13,-0.262509157509157,0.489606227106227
"860","HTC Sense Input-AR",5,-0.200229166666667,0.534857142857143
"861","HTC Service Ôºç DLNA",10,-0.328287337662338,0.533069985569986
"862","HTC Service‚ÄîVideo Player",17,-0.266195416103504,0.518467561849915
"863","HTC Social Plugin - Facebook",20,-0.302189760238405,0.551962301587302
"864","HTC Speak",12,-0.28189525462963,0.451987433862434
"865","HTC Weather",10,-0.380075757575758,0.556707070707071
